City_ID,City,Lat,Lng,Max Temp,Humidity,Cloudiness,Wind Speed,Country,Current Description
0,Nikolskoye,59.7035,30.7861,59.92,64,44,4.09,RU,scattered clouds
1,Padang,-0.9492,100.3543,77.63,81,96,2.66,ID,overcast clouds
2,Ribeira Grande,38.5167,-28.7,73.8,73,40,20.71,PT,scattered clouds
3,La Ronge,55.1001,-105.2842,57.45,67,40,6.91,CA,scattered clouds
4,Rikitea,-23.1203,-134.9692,72.07,75,5,8.41,PF,clear sky
5,Zhigansk,66.7697,123.3711,35.17,80,99,4.36,RU,overcast clouds
6,Bredasdorp,-34.5322,20.0403,54.39,68,96,10.25,ZA,overcast clouds
7,Nizhnevartovsk,60.9344,76.5531,37.02,100,20,0.0,RU,mist
8,Yellowknife,62.456,-114.3525,43.32,81,75,16.11,CA,broken clouds
9,Busselton,-33.65,115.3333,55.17,83,27,4.34,AU,scattered clouds
10,Albany,42.6001,-73.9662,72.37,78,100,1.99,US,overcast clouds
11,Svetlogorsk,52.6333,29.7333,52.43,96,100,13.8,BY,overcast clouds
12,Ushuaia,-54.8,-68.3,42.46,70,75,29.93,AR,light rain
13,Koilas,37.4095,23.1147,86.59,56,0,6.6,GR,clear sky
14,Namatanai,-3.6667,152.4333,78.44,72,8,10.47,PG,clear sky
15,Paamiut,61.994,-49.6678,42.8,92,100,20.78,GL,light rain
16,Ponta Do Sol,32.6667,-17.1,83.01,83,100,9.84,PT,overcast clouds
17,Teguise,29.0605,-13.564,71.82,78,20,5.75,ES,few clouds
18,Jamestown,42.097,-79.2353,65.79,74,100,6.91,US,light rain
19,Vestmannaeyjar,63.4427,-20.2734,58.19,72,20,18.41,IS,few clouds
20,Geraldton,-28.7667,114.6,54.01,94,0,9.22,AU,clear sky
21,Saskylakh,71.9167,114.0833,32.92,87,98,6.17,RU,overcast clouds
22,Port Elizabeth,-33.918,25.5701,61.11,86,75,20.71,ZA,light rain
23,Airai,-8.9266,125.4092,58.26,90,51,2.33,TL,broken clouds
24,Odweyne,9.4092,45.064,74.03,65,74,12.75,SO,broken clouds
25,Mar Del Plata,-38.0023,-57.5575,62.62,72,0,11.5,AR,clear sky
26,Syke,52.9,8.8333,71.02,46,0,9.22,DE,clear sky
27,Avarua,-21.2078,-159.775,73.45,83,20,6.91,CK,few clouds
28,Colares,38.7992,-9.4469,79.32,76,75,8.99,PT,light rain
29,Tuktoyaktuk,69.4541,-133.0374,35.6,93,100,3.44,CA,light intensity drizzle
30,Maple Creek,49.9168,-109.4848,68.05,26,0,10.36,CA,clear sky
31,Arraial Do Cabo,-22.9661,-42.0278,73.26,68,100,11.5,BR,overcast clouds
32,Cape Town,-33.9258,18.4232,61.21,56,20,17.27,ZA,few clouds
33,Saint-Augustin,51.226,-58.6502,68.09,42,0,7.02,CA,clear sky
34,Ishigaki,24.3448,124.1572,78.93,100,100,48.34,JP,moderate rain
35,New Norfolk,-42.7826,147.0587,42.3,80,64,1.99,AU,broken clouds
36,Carnarvon,-24.8667,113.6333,67.6,72,55,9.37,AU,broken clouds
37,Kapaa,22.0752,-159.319,73.38,92,40,6.91,US,light rain
38,Mecca,21.4267,39.8261,93.11,44,17,8.52,SA,few clouds
39,Luziania,-16.2525,-47.9503,92.98,14,76,7.92,BR,broken clouds
40,Luang Prabang,19.8856,102.1347,73.49,94,100,0.67,LA,overcast clouds
41,Port Alfred,-33.5906,26.891,62.19,82,100,5.99,ZA,overcast clouds
42,Saint-Philippe,-21.3585,55.7679,71.19,78,14,10.11,RE,few clouds
43,Brooks,50.5834,-111.8851,51.78,66,0,5.75,CA,clear sky
44,Wanning,18.8003,110.3967,78.58,83,10,1.61,CN,clear sky
45,Aras,42.5617,-2.356,93.63,31,0,10.36,ES,clear sky
46,Okha,53.5739,142.9478,49.8,63,100,0.74,RU,overcast clouds
47,Bandarbeyla,9.4942,50.8122,78.37,81,7,32.26,SO,clear sky
48,Kysyl-Syr,63.8986,122.7617,32.5,86,43,1.5,RU,scattered clouds
49,Kushima,31.4583,131.2333,76.23,94,84,6.44,JP,broken clouds
50,Saint George,37.1041,-113.5841,77.79,55,40,0.0,US,scattered clouds
51,Seoul,37.5683,126.9778,69.4,94,75,3.44,KR,broken clouds
52,Tautira,-17.7333,-149.15,78.26,72,27,17.92,PF,light rain
53,Korla,41.7597,86.1469,83.68,15,76,6.11,CN,broken clouds
54,Mataura,-46.1927,168.8643,38.89,88,100,3.4,NZ,overcast clouds
55,Hami,42.8,93.45,84.27,15,0,9.19,CN,clear sky
56,Bethel,41.3712,-73.414,75.56,75,100,3.44,US,overcast clouds
57,Xudat,41.631,48.681,69.98,69,22,16.06,AZ,few clouds
58,Ankpa,7.3706,7.6253,74.23,83,99,7.49,NG,overcast clouds
59,Kaitangata,-46.2817,169.8464,41.72,93,100,4.09,NZ,overcast clouds
60,Severo-Kurilsk,50.6789,156.125,52.47,90,11,14.16,RU,few clouds
61,East London,-33.0153,27.9116,63.54,77,20,26.46,ZA,few clouds
62,Chuy,-33.6971,-53.4616,56.16,52,0,6.13,UY,clear sky
63,Hermanus,-34.4187,19.2345,57.79,67,94,13.11,ZA,overcast clouds
64,Roald,62.5833,6.1333,62.17,77,75,2.3,NO,broken clouds
65,Kungurtug,50.5994,97.5228,49.8,56,78,3.11,RU,broken clouds
66,Hilo,19.7297,-155.09,74.28,77,0,6.91,US,clear sky
67,Pacific Grove,36.6177,-121.9166,74.7,83,0,4.61,US,clear sky
68,Vanimo,-2.6741,141.3028,76.17,88,100,3.83,PG,overcast clouds
69,Burgeo,47.6167,-57.6152,65.97,70,8,27.18,CA,clear sky
70,College,64.8569,-147.8028,44.91,89,75,3.44,US,broken clouds
71,Georgetown,5.4112,100.3354,80.89,82,20,2.3,MY,few clouds
72,King City,36.2127,-121.126,81.91,62,94,1.03,US,overcast clouds
73,Port Lincoln,-34.7333,135.8667,51.24,84,35,4.72,AU,scattered clouds
74,Sobolevo,54.4299,31.8996,44.78,96,100,14.56,RU,overcast clouds
75,Qaanaaq,77.484,-69.3632,38.64,94,100,6.17,GL,overcast clouds
76,Tomatlan,19.9333,-105.25,84.49,75,99,1.34,MX,overcast clouds
77,Pisco,-13.7,-76.2167,64.02,72,10,6.91,PE,clear sky
78,Hobart,-42.8794,147.3294,42.66,80,75,11.5,AU,broken clouds
79,Malanje,-9.5402,16.341,87.46,22,57,2.8,AO,broken clouds
80,Alice Springs,-23.7,133.8833,57.22,26,75,8.05,AU,broken clouds
81,Khatanga,71.9667,102.5,34.88,75,100,7.27,RU,overcast clouds
82,Ati,13.2154,18.3353,95.32,36,1,8.79,TD,clear sky
83,Punta Arenas,-53.15,-70.9167,42.91,75,75,29.93,CL,light intensity shower rain
84,Kaduy,59.2,37.15,48.49,74,23,5.59,RU,few clouds
85,Quatre Cocos,-20.2078,57.7625,72.09,75,27,15.03,MU,scattered clouds
86,Lasa,46.6166,10.7002,70.36,44,24,4.63,IT,few clouds
87,Druzhba,52.0428,33.9453,46.27,93,100,17.56,UA,moderate rain
88,Bluff,-46.6,168.3333,45.45,78,100,10.87,NZ,overcast clouds
89,Dhidhdhoo,6.8833,73.1,80.35,84,100,14.09,MV,overcast clouds
90,Mehamn,71.0357,27.8492,44.55,87,75,2.3,NO,light rain
91,Kantunilkin,21.0917,-87.45,80.19,85,98,3.31,MX,overcast clouds
92,Tarazona,41.9,-1.7333,93.02,16,60,8.48,ES,broken clouds
93,Manaure,11.7751,-72.4445,90.68,56,100,14.5,CO,overcast clouds
94,Hazleton,40.9584,-75.9746,64.71,89,100,4.61,US,drizzle
95,Ada,43.4166,-116.1262,67.98,20,0,4.03,US,clear sky
96,Salinas,36.6777,-121.6555,77.76,74,0,4.61,US,clear sky
97,Rapid City,44.0805,-103.231,67.32,52,0,1.99,US,clear sky
98,San Andres,12.5847,-81.7006,86.02,79,75,12.66,CO,broken clouds
99,Vaini,-21.2,-175.2,71.76,94,20,4.61,TO,few clouds
100,Klungkung,-8.5333,115.4,77.68,86,54,2.89,ID,broken clouds
101,Mindelo,16.8901,-24.9804,78.76,77,9,16.82,CV,clear sky
102,Galle,6.0367,80.217,78.28,90,84,10.04,LK,broken clouds
103,Sitka,57.0531,-135.33,52.0,83,68,3.06,US,broken clouds
104,Pelym,61.0108,61.9978,40.35,86,67,3.06,RU,broken clouds
105,Lavumisa,-27.31,31.892,76.86,60,6,9.1,SZ,clear sky
106,Nadym,65.5333,72.5167,43.57,68,100,12.59,RU,overcast clouds
107,Baza,37.4907,-2.7726,88.74,38,97,10.0,ES,overcast clouds
108,Butaritari,3.0707,172.7902,81.64,68,73,12.41,KI,broken clouds
109,Menongue,-14.6585,17.691,88.34,8,1,4.88,AO,clear sky
110,Henties Bay,-22.116,14.2845,58.14,83,7,14.0,NA,clear sky
111,Rafai,4.95,23.9167,74.01,90,53,4.7,CF,light rain
112,Agdas,40.65,47.4761,75.07,56,35,7.09,AZ,scattered clouds
113,Katsina,12.9894,7.6006,84.51,55,99,9.24,NG,overcast clouds
114,Talaya,61.3833,152.75,35.87,83,47,1.19,RU,scattered clouds
115,Bubaque,11.2833,-15.8333,80.8,74,64,1.52,GW,broken clouds
116,Junnar,19.2,73.8833,73.08,93,100,3.49,IN,overcast clouds
117,Hithadhoo,-0.6,73.0833,82.27,71,44,14.25,MV,scattered clouds
118,Sao Joao Da Barra,-21.6403,-41.0511,73.49,67,97,16.55,BR,overcast clouds
119,Kerouane,9.2667,-9.0167,79.66,79,99,2.98,GN,light rain
120,Luderitz,-26.6481,15.1594,66.85,49,8,30.62,NA,clear sky
121,Qui Nhon,13.7667,109.2333,80.08,83,44,5.77,VN,scattered clouds
122,Namibe,-15.1961,12.1522,74.03,73,0,13.8,AO,clear sky
123,Chimbote,-9.0853,-78.5783,66.24,71,87,10.94,PE,overcast clouds
124,Dunedin,-45.8742,170.5036,46.8,89,100,4.16,NZ,overcast clouds
125,Lompoc,34.6391,-120.4579,75.78,82,100,5.75,US,overcast clouds
126,Shelburne,44.0787,-80.2041,76.23,59,100,11.16,CA,overcast clouds
127,Poum,-20.2333,164.0167,75.7,81,8,6.73,NC,clear sky
128,Atuona,-9.8,-139.0333,76.5,69,12,20.31,PF,few clouds
129,Bilma,18.6853,12.9164,102.49,11,14,1.14,NE,few clouds
130,Brinkovskaya,46.0347,38.5869,74.88,40,90,5.79,RU,overcast clouds
131,Bamboo,18.3922,-77.2643,80.83,67,22,11.03,JM,few clouds
132,Tasiilaq,65.6145,-37.6368,40.55,74,98,6.08,GL,overcast clouds
133,Hauterive,46.0901,3.4459,77.76,32,8,4.43,FR,clear sky
134,Kropotkin,45.4375,40.5756,70.59,48,90,14.72,RU,overcast clouds
135,Klaksvik,62.2266,-6.589,54.52,98,100,24.4,FO,moderate rain
136,Tiksi,71.6872,128.8694,36.9,97,100,12.66,RU,light rain
137,Aasiaat,68.7098,-52.8699,41.86,87,100,24.34,GL,overcast clouds
138,Praia Da Vitoria,38.7333,-27.0667,74.75,83,40,27.18,PT,scattered clouds
139,Gibara,21.1097,-76.1317,90.45,56,10,15.32,CU,clear sky
140,Valdivia,-39.8142,-73.2459,51.89,72,99,3.51,CL,overcast clouds
141,Pokhara,28.2333,83.9833,71.76,91,85,2.66,NP,overcast clouds
142,Mahebourg,-20.4081,57.7,72.25,73,75,6.91,MU,broken clouds
143,Victoria,22.2855,114.1577,87.19,78,3,1.01,HK,clear sky
144,Stockach,47.85,9.0167,72.25,58,43,3.24,DE,scattered clouds
145,Neiafu,-18.65,-173.9833,75.88,94,75,4.61,TO,broken clouds
146,Balikpapan,-1.2675,116.8289,76.19,94,40,0.0,ID,scattered clouds
147,Cidreira,-30.1811,-50.2056,57.49,58,0,8.03,BR,clear sky
148,Haines Junction,60.7522,-137.5108,22.95,93,9,0.0,CA,clear sky
149,Hasaki,35.7333,140.8333,73.8,85,83,18.32,JP,broken clouds
150,Sakakah,29.9697,40.2064,108.97,12,0,10.0,SA,clear sky
151,Tuatapere,-46.1333,167.6833,43.86,84,100,6.08,NZ,overcast clouds
152,Nizhniy Kuranakh,58.8353,125.4869,37.18,92,20,2.28,RU,few clouds
153,Baculin,7.4525,126.5842,78.39,83,100,6.13,PH,overcast clouds
154,Kaeo,-35.1,173.7833,57.33,96,96,12.64,NZ,overcast clouds
155,Sioux Lookout,50.1001,-91.917,59.07,72,20,5.75,CA,few clouds
156,Alofi,-19.0595,-169.9187,67.89,94,93,0.0,NU,overcast clouds
157,Dymer,50.7865,30.3026,60.85,89,98,13.18,UA,light rain
158,Gornyatskiy,48.2915,40.9575,64.18,26,100,14.9,RU,overcast clouds
159,Bambous Virieux,-20.3428,57.7575,72.21,73,75,6.91,MU,broken clouds
160,Nagornskiy,58.7731,57.5451,43.79,97,95,2.68,RU,overcast clouds
161,Bathsheba,13.2167,-59.5167,86.61,66,20,16.11,BB,few clouds
162,Rincon,32.296,-81.2354,87.94,77,73,4.38,US,broken clouds
163,Rio Gallegos,-51.6226,-69.2181,48.25,61,75,14.97,AR,broken clouds
164,Naze,28.3667,129.4833,81.52,84,99,11.27,JP,overcast clouds
165,Bowen,-20.0167,148.2333,63.72,88,0,7.52,AU,clear sky
166,Iqaluit,63.7506,-68.5145,46.13,76,75,12.66,CA,broken clouds
167,Saint-Georges,12.0564,-61.7485,87.48,70,20,24.16,GD,few clouds
168,Halifax,44.6453,-63.5724,79.45,54,0,17.27,CA,clear sky
169,Provideniya,64.3833,-173.3,44.04,83,100,18.1,RU,overcast clouds
170,Jalali,27.8667,78.2667,88.88,52,57,6.4,IN,broken clouds
171,Andenes,69.3143,16.1194,49.98,93,100,17.27,NO,light rain
172,Ostersund,63.1792,14.6357,54.61,54,19,9.22,SE,few clouds
173,Qingdao,36.0986,120.3719,69.4,88,0,4.47,CN,clear sky
174,Lengshuijiang,27.6881,111.4294,75.61,59,21,1.83,CN,few clouds
175,Mitsamiouli,-11.3847,43.2844,76.21,71,52,3.87,KM,light rain
176,Ilulissat,69.2167,-51.1,38.98,97,100,6.33,GL,moderate rain
177,Elko,41.0002,-115.5012,51.82,15,25,2.24,US,scattered clouds
178,Temyasovo,52.9933,58.1014,43.11,69,99,4.34,RU,overcast clouds
179,Castro,-24.7911,-50.0119,62.6,82,100,5.28,BR,overcast clouds
180,Faya,18.3851,42.4509,80.71,30,78,10.6,SA,broken clouds
181,Lata,40.1629,-8.3327,87.93,49,100,8.99,PT,overcast clouds
182,Semirom,31.4167,51.5667,67.82,24,0,4.88,IR,clear sky
183,Tenkodogo,11.78,-0.3697,85.59,59,80,3.24,BF,broken clouds
184,Kamenka,51.3223,42.7678,56.28,40,100,7.29,RU,overcast clouds
185,Maumere,-8.6199,122.2111,77.97,79,43,6.69,ID,scattered clouds
186,Dandong,40.1292,124.3947,63.16,86,92,1.68,CN,overcast clouds
187,Sterling,39.0062,-77.4286,74.21,94,100,5.99,US,mist
188,Mayo,38.8876,-76.5119,74.48,95,100,11.5,US,mist
189,Vostok,46.4856,135.8833,54.3,89,79,3.44,RU,broken clouds
190,Ambon,-3.6954,128.1814,77.23,15,40,6.91,ID,scattered clouds
191,Itoman,26.1247,127.6694,82.42,89,75,14.97,JP,broken clouds
192,Ostrovnoy,68.0531,39.5131,49.42,85,100,9.86,RU,light rain
193,Kabwe,-14.4469,28.4464,78.42,17,0,7.54,ZM,clear sky
194,Dikson,73.5069,80.5464,36.79,97,100,27.13,RU,light rain
195,Lubango,-14.9172,13.4925,72.88,40,84,10.78,AO,broken clouds
196,Souillac,-20.5167,57.5167,71.98,73,75,6.91,MU,broken clouds
197,Lerwick,60.1545,-1.1494,57.2,84,99,16.82,GB,overcast clouds
198,Hirara,24.8,125.2833,80.92,85,100,36.26,JP,light rain
199,Mulki,13.1,74.8,79.88,89,75,6.91,IN,broken clouds
200,Bengkulu,-3.8004,102.2655,76.08,85,81,4.18,ID,broken clouds
201,Mali,12.079,-12.2982,66.7,84,72,4.0,GN,light rain
202,Meulaboh,4.1363,96.1285,78.28,82,100,4.16,ID,overcast clouds
203,Palmer,42.1584,-72.3287,74.48,78,100,3.44,US,overcast clouds
204,Saint-Pierre,-21.3393,55.4781,71.28,68,20,0.0,RE,few clouds
205,Tual,-5.6667,132.75,80.51,82,70,13.06,ID,broken clouds
206,Kayalpattinam,8.5667,78.1167,82.45,67,26,13.58,IN,scattered clouds
207,Salihorsk,52.7876,27.5415,48.11,95,100,5.57,BY,overcast clouds
208,Yarada,17.65,83.2667,80.92,89,75,5.75,IN,thunderstorm
209,Saint-Francois,46.4154,3.9054,76.68,41,0,4.61,FR,clear sky
210,Puerto Escondido,15.85,-97.0667,79.39,84,100,10.71,MX,overcast clouds
211,Tavda,58.0425,65.2726,41.59,92,75,4.36,RU,broken clouds
212,Saint-Joseph,-21.3667,55.6167,70.18,76,27,8.75,RE,scattered clouds
213,Karachi,24.9056,67.0822,84.02,74,20,11.5,PK,few clouds
214,Grindavik,63.8424,-22.4338,52.27,71,20,24.16,IS,few clouds
215,Upernavik,72.7868,-56.1549,40.57,95,100,12.82,GL,light rain
216,Viytivka,48.426,29.5429,67.12,49,74,6.29,UA,broken clouds
217,Rawson,-43.3002,-65.1023,62.49,33,1,12.39,AR,clear sky
218,Lang Son,21.8333,106.7333,73.45,96,93,3.27,VN,overcast clouds
219,Honiara,-9.4333,159.95,76.48,85,66,5.91,SB,broken clouds
220,Mahon,39.8885,4.2658,84.76,65,20,8.05,ES,few clouds
221,Karpogory,64.0019,44.4451,48.85,90,93,4.5,RU,overcast clouds
222,Astana,51.1801,71.446,48.15,93,100,13.42,KZ,overcast clouds
223,Thompson,55.7435,-97.8558,57.36,62,0,9.22,CA,clear sky
224,Narsaq,60.9167,-46.05,49.86,63,46,5.57,GL,scattered clouds
225,Kavaratti,10.5669,72.642,80.64,85,100,19.08,IN,overcast clouds
226,Kamina,-8.7386,24.9906,77.22,44,100,3.83,CD,overcast clouds
227,Cherskiy,68.75,161.3,40.82,87,100,6.17,RU,overcast clouds
228,Beringovskiy,63.05,179.3167,45.37,87,100,20.54,RU,overcast clouds
229,Oxford,51.7522,-1.256,73.54,59,40,13.8,GB,scattered clouds
230,Mahajanga,-15.7167,46.3167,78.82,69,40,8.05,MG,scattered clouds
231,Mount Isa,-20.7333,139.5,62.37,77,75,5.75,AU,broken clouds
232,Peniche,39.3558,-9.3811,85.08,82,93,14.7,PT,overcast clouds
233,Warrnambool,-38.3833,142.4833,48.7,76,100,11.81,AU,overcast clouds
234,Barrow,71.2906,-156.7887,33.82,93,100,16.11,US,overcast clouds
235,Cervo,43.6702,-7.4101,71.96,74,98,2.75,ES,overcast clouds
236,Fukue,32.6881,128.8419,79.0,85,100,9.42,JP,overcast clouds
237,Lekoni,-1.5843,14.2591,80.44,61,94,7.7,GA,overcast clouds
238,Port Blair,11.6667,92.75,80.64,83,40,3.44,IN,mist
239,Santa Maria,-29.6842,-53.8069,60.1,48,0,16.11,BR,clear sky
240,Oranjemund,-28.55,16.4333,57.85,83,47,21.5,NA,scattered clouds
241,Umm Lajj,25.0213,37.2685,87.42,68,5,5.17,SA,clear sky
242,Waingapu,-9.6567,120.2641,75.63,81,29,6.08,ID,scattered clouds
243,Yaval,21.1667,75.7,78.58,89,100,2.35,IN,overcast clouds
244,Belmonte,-15.8631,-38.8828,78.6,55,10,7.43,BR,clear sky
245,Iralaya,15.0,-83.2333,84.29,78,61,8.77,HN,broken clouds
246,Beloomut,54.9448,39.3394,54.23,48,100,4.5,RU,overcast clouds
247,Cayenne,4.9333,-52.3333,87.84,62,0,3.44,GF,clear sky
248,Saurimo,-9.6608,20.3916,88.21,23,43,6.58,AO,scattered clouds
249,Nara,34.6851,135.8049,80.49,61,19,3.0,JP,few clouds
250,Fare,-16.7,-151.0167,78.62,70,5,15.73,PF,light rain
251,Flinders,-34.5833,150.8552,55.18,60,0,10.0,AU,clear sky
252,Leningradskiy,69.3833,178.4167,35.29,92,68,7.25,RU,broken clouds
253,Atbasar,51.8,68.3333,50.41,67,96,13.73,KZ,overcast clouds
254,Labuhan,-6.8844,112.2051,79.77,81,100,5.44,ID,overcast clouds
255,Isangel,-19.55,169.2667,73.45,88,6,6.42,VU,clear sky
256,Torbay,47.6666,-52.7314,59.58,97,100,31.0,CA,heavy intensity rain
257,South Lake Tahoe,38.9332,-119.9844,70.27,62,100,2.33,US,overcast clouds
258,Mao,39.8885,4.2658,84.76,65,20,8.05,ES,few clouds
259,Xining,36.6167,101.7667,53.13,70,32,2.06,CN,scattered clouds
260,Nsanje,-16.92,35.262,87.04,27,0,4.54,MW,clear sky
261,Ginda,30.6945,78.4932,64.47,92,52,2.44,IN,broken clouds
262,Gembloux,50.561,4.697,74.98,57,89,1.88,BE,overcast clouds
263,Ulaangom,49.9811,92.0667,57.85,42,61,8.57,MN,broken clouds
264,Mackay,-21.15,149.2,63.68,87,1,5.75,AU,clear sky
265,Thinadhoo,0.5333,72.9333,82.49,73,50,14.38,MV,scattered clouds
266,Bilibino,68.0546,166.4372,44.76,72,100,4.79,RU,overcast clouds
267,Ketchikan,55.3422,-131.6461,52.07,77,14,8.16,US,few clouds
268,Kruisfontein,-34.0033,24.7314,57.88,80,100,18.99,ZA,overcast clouds
269,Oropesa,-13.5928,-71.7719,64.26,39,20,3.44,PE,few clouds
270,Clyde River,70.4692,-68.5914,43.03,93,75,5.75,CA,broken clouds
271,Eyl,7.9803,49.8164,79.47,75,87,24.99,SO,overcast clouds
272,Kontagora,10.3999,5.4695,73.76,91,98,3.22,NG,overcast clouds
273,Anda,46.4,125.3167,63.99,77,19,8.77,CN,few clouds
274,Olafsvik,64.8945,-23.7142,50.27,59,29,6.98,IS,scattered clouds
275,Puerto Ayora,-0.7393,-90.3518,73.36,85,92,5.99,EC,overcast clouds
276,Asyut,27.181,31.1837,93.38,16,0,9.86,EG,clear sky
277,Takoradi,4.8845,-1.7554,80.37,71,74,12.03,GH,broken clouds
278,Codrington,-38.2667,141.9667,47.75,75,100,9.51,AU,overcast clouds
279,Banda Aceh,5.5577,95.3222,78.82,81,80,4.72,ID,broken clouds
280,Ancud,-41.8697,-73.8203,49.23,85,100,7.31,CL,light rain
281,Okhotsk,59.3833,143.3,45.27,53,11,16.46,RU,few clouds
282,Uhryniv,48.9552,24.6929,58.06,85,99,13.06,UA,overcast clouds
283,Lebu,-37.6167,-73.65,53.19,70,3,5.91,CL,clear sky
284,Sundsvall,62.3913,17.3063,62.56,71,100,5.75,SE,overcast clouds
285,Hualmay,-11.0964,-77.6139,65.26,70,39,10.78,PE,scattered clouds
286,Kemi,65.8596,24.8228,55.17,82,0,11.5,FI,clear sky
287,Siemiatycze,52.4272,22.8623,45.64,95,100,12.28,PL,overcast clouds
288,Ban Nahin,18.2418,104.2122,74.5,96,98,2.59,LA,overcast clouds
289,Polewali,-3.4324,119.3435,76.01,87,94,1.86,ID,overcast clouds
290,San Cristobal,7.7669,-72.225,80.78,44,17,7.65,VE,few clouds
291,Bar Harbor,44.3876,-68.2039,81.64,72,99,2.08,US,overcast clouds
292,San Patricio,28.017,-97.5169,87.89,55,0,5.82,US,clear sky
293,Gunnedah,-30.9833,150.25,42.8,86,95,2.46,AU,overcast clouds
294,Dire,12.2833,-10.9667,75.67,90,99,1.32,ML,overcast clouds
295,Longyearbyen,78.2186,15.6401,37.24,81,75,23.02,SJ,light intensity drizzle rain
296,Pingliang,35.5392,106.6861,60.06,88,6,3.91,CN,clear sky
297,Namalenga,-10.95,39.1,79.02,43,91,12.82,TZ,overcast clouds
298,Vila Velha,-20.3297,-40.2925,75.15,73,100,16.11,BR,overcast clouds
299,San Lazaro,18.0387,-88.6622,80.71,90,100,5.17,BZ,overcast clouds
300,Sept-Iles,50.2001,-66.3821,57.72,100,100,6.91,CA,mist
301,North Bend,43.4065,-124.2243,62.17,100,84,1.48,US,broken clouds
302,Phan Thiet,10.9333,108.1,77.92,88,78,2.86,VN,broken clouds
303,Dhangadhi,28.7079,80.5961,82.31,66,2,3.38,NP,clear sky
304,Luau,-10.7073,22.2247,87.96,22,22,7.11,AO,few clouds
305,Ayan,56.45,138.1667,49.69,66,92,5.01,RU,overcast clouds
306,Port Moresby,-9.4431,147.1797,76.42,94,40,3.44,PG,scattered clouds
307,Inhambane,-23.865,35.3833,72.93,81,0,14.7,MZ,clear sky
308,Qasigiannguit,68.8193,-51.1922,38.66,99,100,0.76,GL,moderate rain
309,Hoima,1.4356,31.3436,69.87,82,43,1.39,UG,light rain
310,Gimli,50.6336,-96.9907,57.22,58,2,10.36,CA,clear sky
311,Bezenchuk,52.982,49.4333,54.3,55,100,4.83,RU,overcast clouds
312,Honningsvag,70.9821,25.9704,42.55,87,100,6.91,NO,light rain
313,Marawi,7.9986,124.2928,69.19,91,100,3.09,PH,overcast clouds
314,Guerrero Negro,27.9769,-114.0611,77.04,77,5,7.0,MX,clear sky
315,Mantua,45.1667,10.7833,82.09,53,0,3.0,IT,clear sky
316,Chapais,49.7834,-74.8492,74.89,51,30,6.93,CA,scattered clouds
317,Litovko,49.2361,135.1742,57.9,91,100,1.54,RU,overcast clouds
318,Raudeberg,61.9875,5.1352,59.95,64,100,12.35,NO,overcast clouds
319,Havre-Saint-Pierre,50.2334,-63.5986,63.59,76,0,5.26,CA,clear sky
320,Chokurdakh,70.6333,147.9167,39.42,84,100,4.72,RU,overcast clouds
321,Homa Bay,-0.5273,34.4571,72.41,69,10,1.32,KE,light rain
322,Lakhnau,26.85,80.9167,84.18,84,40,4.61,IN,mist
323,Tourlaville,49.6383,-1.5664,71.02,73,0,8.05,FR,clear sky
324,Lucapa,-8.4192,20.7447,78.46,51,100,5.21,AO,overcast clouds
325,Faanui,-16.4833,-151.75,78.62,69,5,16.64,PF,clear sky
326,Coldstream,55.6511,-2.2529,68.18,70,100,4.52,GB,overcast clouds
327,Egvekinot,66.3167,-179.1667,36.64,77,94,4.61,RU,overcast clouds
328,Kassala,15.451,36.4,94.78,35,99,6.6,SD,overcast clouds
329,Puerto Madero,14.7208,-92.4215,79.56,81,94,5.37,MX,overcast clouds
330,Potters Bar,51.6935,-0.1784,73.76,68,99,4.0,GB,overcast clouds
331,Gat,31.61,34.7642,83.79,100,0,9.98,IL,clear sky
332,Beira,-19.8436,34.8389,75.18,75,0,11.63,MZ,clear sky
333,Nhamunda,-2.1861,-56.7131,103.57,20,10,4.25,BR,clear sky
334,Hay River,60.8156,-115.7999,49.12,64,4,11.95,CA,clear sky
335,Port Macquarie,-31.4333,152.9167,48.88,83,95,5.23,AU,overcast clouds
336,Tevaitoa,-16.7833,-151.5,78.53,71,3,15.73,PF,clear sky
337,Sartell,45.6216,-94.2069,66.85,60,0,4.0,US,clear sky
338,Makakilo City,21.3469,-158.0858,73.98,88,85,4.74,US,overcast clouds
339,Alma,48.5501,-71.6491,76.1,57,19,3.69,CA,few clouds
340,Xuanhua,40.6103,115.0447,67.33,65,3,3.85,CN,clear sky
341,Hobyo,5.3505,48.5268,77.05,85,43,26.87,SO,scattered clouds
342,Sapa,5.1544,120.3241,80.28,78,100,3.6,PH,overcast clouds
343,Vallenar,-28.5708,-70.7581,62.31,44,8,3.91,CL,clear sky
344,Valdez,1.2492,-78.9831,79.27,75,100,5.95,EC,overcast clouds
345,Miles City,46.4083,-105.8406,68.86,29,0,5.66,US,clear sky
346,Lavrentiya,65.5833,-171.0,41.85,84,100,17.05,RU,overcast clouds
347,Pangkalanbuun,-2.6833,111.6167,74.12,95,100,2.35,ID,overcast clouds
348,Loikaw,19.6742,97.2094,66.04,93,100,2.17,MM,overcast clouds
349,Mitchell,43.7094,-98.0298,70.74,44,0,3.0,US,clear sky
350,Deputatskiy,69.3,139.9,31.15,84,97,5.01,RU,overcast clouds
351,Suba,10.8438,121.0102,83.7,74,93,9.17,PH,overcast clouds
352,Kvitok,56.0724,98.4813,48.43,79,95,3.49,RU,overcast clouds
353,Ixtapa,20.7,-105.2,80.22,100,100,0.0,MX,overcast clouds
354,Bangassou,4.7413,22.8184,75.11,91,38,3.69,CF,light rain
355,Irbeyskoye,55.6428,95.4522,51.67,63,100,3.22,RU,overcast clouds
356,Iskateley,67.6803,53.1512,44.1,83,97,9.33,RU,overcast clouds
357,Erzincan,39.75,39.5,75.02,24,0,4.14,TR,clear sky
358,Mandera,3.9366,41.867,91.54,31,94,14.85,KE,overcast clouds
359,Norman Wells,65.282,-126.8329,49.51,76,100,10.25,CA,overcast clouds
360,Coihaique,-45.5752,-72.0662,51.75,62,100,3.44,CL,overcast clouds
361,Paddhari,22.4333,70.6,77.88,90,91,13.53,IN,overcast clouds
362,Lakatoro,-16.0999,167.4164,76.95,79,2,9.35,VU,clear sky
363,Hyeres,43.1167,6.1167,84.67,50,0,6.91,FR,clear sky
364,Gorin,51.1983,136.6669,53.42,98,100,3.11,RU,overcast clouds
365,Taltal,-25.4,-70.4833,60.12,64,3,8.95,CL,clear sky
366,Maceio,-9.6658,-35.7353,81.84,65,75,11.5,BR,broken clouds
367,Santa Rosa,14.3122,121.1114,83.1,84,83,8.93,PH,broken clouds
368,Sungairaya,0.7,108.9,79.02,82,100,1.3,ID,overcast clouds
369,Havelock,34.8791,-76.9013,88.05,82,99,1.99,US,overcast clouds
370,Touros,-5.1989,-35.4608,82.24,61,74,16.33,BR,broken clouds
371,Khorixas,-20.3667,14.9667,87.03,13,2,20.85,NA,clear sky
372,Hellin,38.5106,-1.701,90.77,23,58,17.07,ES,broken clouds
373,Berdigestyakh,62.0989,126.6992,37.0,84,94,3.76,RU,light rain
374,Paris,48.8534,2.3488,74.95,59,0,9.22,FR,clear sky
375,Lodja,-3.4833,23.4333,75.51,81,80,2.33,CD,light rain
376,Denpasar,-8.65,115.2167,78.46,94,20,10.36,ID,few clouds
377,Kodiak,57.79,-152.4072,51.6,92,100,7.72,US,overcast clouds
378,Piacabucu,-10.4056,-36.4344,79.14,67,75,10.96,BR,broken clouds
379,Pamanukan,-6.2842,107.8106,78.44,85,65,6.4,ID,broken clouds
380,Somerset East,-32.7217,25.588,55.58,65,75,22.08,ZA,broken clouds
381,Cabo San Lucas,22.8909,-109.9124,85.51,74,4,1.99,MX,clear sky
382,Kutum,14.2,24.6667,87.6,24,98,11.95,SD,overcast clouds
383,Ust-Kishert,57.3654,57.2495,43.84,89,100,3.76,RU,overcast clouds
384,Tarakan,3.3,117.6333,76.5,100,75,3.44,ID,mist
385,Aksarka,66.5606,67.7975,44.87,83,100,16.17,RU,overcast clouds
386,Naica,27.85,-105.4833,76.59,52,11,7.63,MX,few clouds
387,Viedma,-40.8135,-62.9967,72.82,13,0,15.43,AR,clear sky
388,Sabha,27.0377,14.4283,94.5,12,0,10.51,LY,clear sky
389,Dickinson,29.4608,-95.0513,90.07,64,0,6.91,US,clear sky
390,Chake Chake,-5.2459,39.7666,73.89,81,6,8.28,TZ,clear sky
391,Reichenau,50.9075,14.9563,65.71,84,100,3.0,PL,overcast clouds
392,Westport,41.1415,-73.3579,77.56,72,75,8.05,US,broken clouds
393,Sibu,2.3,111.8167,74.23,94,100,1.05,MY,overcast clouds
394,Blue Springs,39.0169,-94.2816,69.46,69,0,9.22,US,clear sky
395,Rundu,-17.9333,19.7667,87.17,11,0,2.95,NA,clear sky
396,Berlevag,70.8578,29.0864,44.6,81,100,2.3,NO,light rain
397,Conakry,9.538,-13.6773,78.71,81,98,8.41,GN,overcast clouds
398,San Pedro,14.35,121.0167,82.35,86,81,9.4,PH,broken clouds
399,Tolyatti,53.5303,49.3461,54.82,54,97,4.76,RU,overcast clouds
400,Bereda,43.2686,-7.5406,91.42,33,86,2.77,ES,overcast clouds
401,Pato Branco,-26.2286,-52.6706,69.62,64,86,7.54,BR,overcast clouds
402,Cusuna,15.85,-85.2333,89.42,55,45,7.2,HN,scattered clouds
403,Cap Malheureux,-19.9842,57.6142,72.46,68,2,7.0,MU,clear sky
404,Kavieng,-2.5744,150.7967,81.36,65,53,15.66,PG,broken clouds
405,Santa Vitoria Do Palmar,-33.5189,-53.3681,56.95,50,0,5.35,BR,clear sky
406,Harper,4.375,-7.7169,77.09,78,91,9.73,LR,overcast clouds
407,Westlock,54.1502,-113.8688,61.11,43,0,0.47,CA,clear sky
408,Guye,39.7333,118.4167,64.6,93,0,3.06,CN,clear sky
409,Ajdabiya,30.7554,20.2263,84.43,49,0,14.36,LY,clear sky
410,Benton,36.3334,-94.3335,67.55,76,40,15.01,US,scattered clouds
411,Eureka,40.8021,-124.1637,63.21,89,94,3.83,US,overcast clouds
412,Margate,51.3813,1.3862,72.88,72,37,4.0,GB,scattered clouds
413,Abancay,-13.6339,-72.8814,72.84,37,65,5.82,PE,broken clouds
414,Caravelas,-17.7125,-39.2481,79.97,52,9,8.3,BR,clear sky
415,Kondinskoye,59.6481,67.41,40.59,78,52,4.18,RU,broken clouds
416,Katsuura,35.1333,140.3,76.3,86,97,18.86,JP,overcast clouds
417,Biltine,14.5333,20.9167,94.95,31,5,7.36,TD,clear sky
418,Soyo,-6.1349,12.3689,74.21,81,99,9.93,AO,overcast clouds
419,Venice,27.0998,-82.4543,93.15,74,0,11.5,US,haze
420,Tamandare,-8.7597,-35.1047,79.79,62,100,9.75,BR,overcast clouds
421,Jeremie,18.65,-74.1167,87.55,63,83,5.12,HT,broken clouds
422,Sampit,-2.5333,112.95,73.51,95,98,2.46,ID,light rain
423,Krasnoselkup,65.7,82.4667,38.14,72,93,5.95,RU,overcast clouds
424,Ust-Omchug,61.15,149.6333,35.11,60,1,4.45,RU,clear sky
425,Muravlenko,63.7898,74.523,39.65,76,100,5.7,RU,overcast clouds
426,Prudentopolis,-25.2131,-50.9778,63.14,91,99,0.81,BR,overcast clouds
427,Belyy Yar,53.6039,91.3903,57.09,82,40,0.0,RU,light intensity shower rain
428,Goderich,43.7501,-81.7165,74.91,69,100,12.01,CA,overcast clouds
429,Kibala,9.1104,18.3463,79.27,87,82,2.91,TD,light rain
430,Genhe,50.7833,121.5167,48.27,97,100,6.38,CN,overcast clouds
431,Zaraza,9.3503,-65.3245,90.48,51,0,4.9,VE,clear sky
432,Khash,28.2211,61.2158,79.66,18,0,9.73,IR,clear sky
433,Christchurch,-43.5333,172.6333,49.91,93,100,9.22,NZ,fog
434,Ashqelon,31.6693,34.5715,83.82,60,0,9.13,IL,clear sky
435,Nabire,-3.3667,135.4833,74.21,91,100,3.56,ID,light rain
436,Zhuhai,22.2769,113.5678,87.85,74,20,3.44,CN,few clouds
437,Antofagasta,-23.65,-70.4,61.59,65,34,11.72,CL,scattered clouds
438,Ampanihy,-24.7,44.75,73.0,47,0,9.04,MG,clear sky
439,Avila,40.5833,-5.0,87.66,21,29,13.82,ES,scattered clouds
440,Sumbe,-11.2061,13.8437,73.08,80,14,8.59,AO,few clouds
441,Altay,47.8667,88.1167,65.91,50,100,1.9,CN,overcast clouds
442,Launceston,-41.45,147.1667,43.81,79,19,10.36,AU,few clouds
443,Constitucion,-35.3333,-72.4167,53.55,71,100,8.37,CL,overcast clouds
444,Horsham,51.064,-0.3272,73.26,68,40,8.05,GB,scattered clouds
445,Boa Vista,2.8197,-60.6733,90.81,51,17,7.23,BR,few clouds
446,Ritchie,-29.038,24.6028,79.99,14,62,22.44,ZA,broken clouds
447,Ilongero,-4.6667,34.8667,75.31,37,66,4.34,TZ,broken clouds
448,Synya,65.3718,58.0387,42.64,96,99,6.38,RU,overcast clouds
449,Nanortalik,60.1432,-45.2371,44.58,81,44,8.39,GL,scattered clouds
450,Santa Maria Del Oro,25.9333,-105.3667,74.16,46,4,4.83,MX,clear sky
451,Clarksburg,39.2807,-80.3445,77.11,78,100,6.91,US,overcast clouds
452,Savannah Bight,16.45,-85.85,83.77,76,63,19.6,HN,broken clouds
453,Saint Marys,30.7305,-81.5465,89.08,69,0,5.75,US,clear sky
454,Illapel,-31.6308,-71.1653,56.86,70,89,5.77,CL,overcast clouds
455,Khazar,41.9974,48.3332,70.75,66,82,16.55,RU,broken clouds
456,Kajaani,64.2273,27.7285,50.05,81,0,2.3,FI,clear sky
457,Pevek,69.7008,170.3133,39.97,75,10,6.17,RU,clear sky
458,Baltiysk,54.6538,19.911,60.03,62,90,19.95,RU,overcast clouds
459,Sao Filipe,14.8961,-24.4956,79.99,83,69,9.82,CV,light rain
460,Maragogi,-9.0122,-35.2225,78.67,67,100,10.27,BR,overcast clouds
461,Suzun,53.7841,82.3116,53.51,92,90,11.05,RU,moderate rain
462,Tessalit,20.1986,1.0114,101.59,17,63,2.55,ML,broken clouds
463,Aripuana,-9.1667,-60.6333,103.35,23,7,2.19,BR,clear sky
464,Kot Kapura,30.5833,74.9,83.79,62,34,7.52,IN,scattered clouds
465,Buala,-8.145,159.5921,78.58,81,67,5.79,SB,light rain
466,Port Shepstone,-30.7414,30.455,66.79,70,100,16.8,ZA,overcast clouds
467,Salalah,17.0151,54.0924,80.69,89,75,5.75,OM,broken clouds
468,Auki,-8.7676,160.7034,75.94,89,90,4.14,SB,overcast clouds
469,Finschhafen,-6.6024,147.8681,78.62,80,98,6.71,PG,overcast clouds
470,Camopi,3.1655,-52.3158,95.74,34,51,2.98,GF,broken clouds
471,Dhamtari,20.7072,81.5497,74.66,95,100,3.33,IN,light rain
472,Peruibe,-24.32,-46.9983,65.23,72,100,5.35,BR,overcast clouds
473,Yellapur,14.9667,74.7167,70.07,98,100,7.99,IN,overcast clouds
474,Sorong,-0.8833,131.25,79.23,82,100,3.09,ID,overcast clouds
475,Kailua,21.4022,-157.7394,76.98,85,20,4.61,US,few clouds
476,Nouadhibou,20.931,-17.0347,75.67,78,21,24.25,MR,few clouds
477,Saint-Gaudens,43.0833,0.6667,86.02,26,8,5.97,FR,clear sky
478,Shieli,44.1667,66.75,57.34,49,1,10.02,KZ,clear sky
479,Noumea,-22.2763,166.4572,75.99,99,13,5.03,NC,few clouds
480,Marsaxlokk,35.8419,14.5431,86.61,51,0,17.27,MT,clear sky
481,Wilmington,34.2257,-77.9447,89.51,70,75,5.01,US,broken clouds
482,Yar-Sale,66.8333,70.8333,45.12,83,99,15.05,RU,overcast clouds
483,Tignere,7.3667,12.65,72.91,83,52,2.33,CM,light rain
484,Jinxi,30.4323,116.2922,71.62,66,24,4.7,CN,few clouds
485,Plastun,44.7561,136.2939,56.57,82,100,2.84,RU,overcast clouds
486,Outjo,-20.1167,16.15,89.94,7,5,6.89,NA,clear sky
487,Sloboda,51.1421,40.3021,59.67,34,100,8.16,RU,overcast clouds
488,Bara,10.3744,10.7288,82.81,68,72,5.19,NG,broken clouds
489,Porto Nacional,-10.7081,-48.4172,96.8,13,40,3.96,BR,scattered clouds
490,Tazovskiy,67.4667,78.7,37.89,81,100,9.31,RU,overcast clouds
491,Perth,-31.9333,115.8333,59.79,79,40,4.61,AU,scattered clouds
492,Pizarro,4.9533,-77.366,80.62,78,81,6.24,CO,broken clouds
493,Cockburn Town,21.4612,-71.1419,85.96,66,40,9.22,TC,scattered clouds
494,Montrose,38.4166,-108.2673,60.73,16,67,0.89,US,broken clouds
495,Ushtobe,45.2514,77.9838,60.24,46,100,11.18,KZ,overcast clouds
496,Mukhen,48.1,136.1,58.55,86,100,3.18,RU,overcast clouds
497,Mogadishu,2.0371,45.3438,76.69,87,93,16.35,SO,overcast clouds
498,Omboue,-1.5746,9.2618,77.49,74,56,9.69,GA,broken clouds
499,Pangnirtung,66.1451,-65.7125,42.8,98,100,7.0,CA,light rain
500,Brae,60.3964,-1.353,57.25,79,93,15.7,GB,overcast clouds
501,Lahaina,20.8783,-156.6825,79.81,78,98,1.63,US,overcast clouds
502,Mandalgovi,45.7625,106.2708,60.64,50,23,8.16,MN,few clouds
503,Bhimunipatnam,17.8833,83.4333,80.11,76,99,16.69,IN,overcast clouds
504,Visnes,59.3556,5.2242,63.82,63,20,8.05,NO,few clouds
505,Arrecife,28.963,-13.5477,75.18,78,20,5.75,ES,few clouds
506,Uporovo,56.3109,66.2693,42.84,83,59,4.61,RU,broken clouds
507,Gualaceo,-2.9,-78.7833,57.04,91,100,4.0,EC,overcast clouds
508,Kasongo,-4.45,26.6667,80.4,56,17,4.34,CD,light rain
509,Salina Cruz,16.1667,-95.2,78.78,86,100,4.65,MX,overcast clouds
510,Komsomolskiy,40.4272,71.7189,70.52,35,83,9.22,UZ,broken clouds
511,Shache,38.4167,77.2406,79.9,13,100,3.71,CN,overcast clouds
512,Yuancheng,36.652,107.7896,63.05,66,38,3.38,CN,scattered clouds
513,Mo I Rana,66.3128,14.1428,53.33,82,75,1.01,NO,broken clouds
514,Swellendam,-34.0226,20.4417,54.72,72,99,9.82,ZA,overcast clouds
515,Shenjiamen,29.9576,122.298,76.59,84,100,6.98,CN,overcast clouds
516,Ossora,59.2353,163.0719,49.89,81,100,6.58,RU,overcast clouds
517,Yenisehir,40.2644,29.6531,80.65,54,20,4.61,TR,few clouds
518,Kabompo,-13.5927,24.2008,83.7,9,0,4.43,ZM,clear sky
519,Koumac,-20.5667,164.2833,73.4,86,20,3.53,NC,few clouds
520,Gornopravdinsk,60.05,69.9,38.34,93,30,4.88,RU,scattered clouds
521,Umm Kaddadah,13.6017,26.6876,95.54,27,96,7.99,SD,overcast clouds
522,Havoysund,70.9963,24.6622,44.83,93,100,7.07,NO,light rain
523,Tomohon,1.3346,124.8392,67.14,90,99,1.21,ID,overcast clouds
524,Olavarria,-36.8927,-60.3225,65.01,29,10,9.91,AR,clear sky
525,Hofn,64.2539,-15.2082,53.38,78,87,15.23,IS,overcast clouds
526,Morant Bay,17.8815,-76.4093,93.7,67,70,10.25,JM,broken clouds
527,Kaohsiung,22.6163,120.3133,81.03,84,75,9.22,TW,broken clouds
528,Nome,64.5011,-165.4064,46.47,77,100,17.27,US,light rain
529,Bonthe,7.5264,-12.505,76.24,90,100,11.86,SL,light rain
530,Amapa,1.0,-52.0,94.64,37,63,3.13,BR,broken clouds
531,Northam,51.0333,-4.2167,69.62,79,100,13.73,GB,overcast clouds
532,Coquimbo,-29.9533,-71.3436,58.73,67,75,11.5,CL,broken clouds
533,Praya,14.9215,-23.5087,82.62,75,33,11.5,CV,scattered clouds
534,Vao,-22.6667,167.4833,72.03,83,6,6.04,NC,clear sky
535,Axim,4.8699,-2.2405,79.0,74,88,9.75,GH,overcast clouds
536,Albury,-36.0833,146.9167,48.33,100,97,8.01,AU,light rain
537,Sinnamary,5.3833,-52.95,86.56,60,64,7.74,GF,broken clouds
538,El Cairo,4.7591,-76.2223,71.33,66,100,2.46,CO,overcast clouds
539,Vaasa,63.096,21.6158,57.29,67,0,2.3,FI,clear sky
540,Temerloh,3.4483,102.4176,74.35,97,100,2.1,MY,overcast clouds
541,Fortuna,40.5982,-124.1573,62.94,86,83,2.48,US,broken clouds
542,Talikota,16.4833,76.3167,74.17,84,100,17.92,IN,overcast clouds
543,Iguape,-24.7081,-47.5553,65.52,66,100,8.46,BR,overcast clouds
544,Yola,9.2,12.4833,83.48,73,76,4.85,NG,broken clouds
545,Gbarnga,6.9956,-9.4722,76.66,95,90,4.81,LR,moderate rain
546,Tilichiki,60.4667,166.1,46.0,87,100,3.98,RU,overcast clouds
547,Senno,59.5336,33.9167,50.27,64,51,4.76,RU,broken clouds
548,Lagoa,39.05,-27.9833,71.74,80,100,27.65,PT,overcast clouds
549,Tayginka,55.6244,60.5076,45.46,86,98,4.32,RU,overcast clouds
550,Ambulu,-8.345,113.6058,74.97,92,87,2.82,ID,overcast clouds
551,Hare Bay,48.8499,-54.0148,56.19,93,100,20.94,CA,overcast clouds
552,Champerico,14.3,-91.9167,84.74,79,99,3.91,GT,overcast clouds
553,Hamilton,39.1834,-84.5333,74.03,92,100,5.75,US,mist
554,Callaway,30.153,-85.5699,73.9,98,100,13.8,US,moderate rain
555,Kyra,49.5776,111.9753,49.28,91,43,1.86,RU,scattered clouds
556,Camacha,33.0833,-16.3333,74.62,78,40,13.8,PT,scattered clouds
557,Aklavik,68.2191,-135.0107,39.2,100,100,5.75,CA,light rain
558,Ranau,5.9538,116.6641,69.8,98,100,1.97,MY,light rain
559,Khandyga,62.6667,135.6,32.54,95,44,3.85,RU,scattered clouds
560,Koson,39.0375,65.585,66.52,17,1,15.23,UZ,clear sky
561,Wick,58.4333,-3.0833,62.65,72,100,6.91,GB,overcast clouds
562,Saint Anthony,45.0205,-93.218,69.93,56,0,5.75,US,clear sky
563,San Felipe,10.3399,-68.7425,95.88,36,97,2.86,VE,overcast clouds
564,Grand Gaube,-20.0064,57.6608,72.37,68,4,7.0,MU,clear sky
565,Talnakh,69.4865,88.3972,35.26,98,100,9.71,RU,light snow
566,Barabai,-2.5833,115.3833,73.36,93,80,2.3,ID,broken clouds
567,Rudbar,30.15,62.6,87.33,20,0,15.93,AF,clear sky
568,Esperance,-33.8667,121.9,59.4,61,53,20.71,AU,broken clouds
